{
  "config": {
    "input": "gpt-oss-tokenized-traces.csv",
    "folds": 5,
    "seed": 73,
    "min_support": 12,
    "min_len": 1,
    "max_len": 3
  },
  "dataset": {
    "total_rows": 732,
    "total_questions": 30,
    "mixed_rows": 597,
    "mixed_questions": 24
  },
  "question_holdout_results": {
    "full": {
      "experiment_name": "motif_1to3_full_trace",
      "prefix_fraction": 1.0,
      "motif_len_range": [
        1,
        3
      ],
      "min_support": 12,
      "folds": [
        {
          "fold_index": 0,
          "test_question_count": 6,
          "test_trace_count": 144,
          "motif": {
            "n": 144,
            "accuracy": 0.4861111111111111,
            "balanced_accuracy": 0.5244755244755245,
            "auc": 0.3821872571872572,
            "tp": 5,
            "tn": 65,
            "fp": 1,
            "fn": 73,
            "mixed_question_count": 3,
            "question_local_auc_mean": 0.49789915966386555,
            "question_local_auc_ge_0_5_rate": 0.6666666666666666,
            "question_local_auc_ge_0_6_rate": 0.3333333333333333
          },
          "length_only": {
            "n": 144,
            "accuracy": 0.5902777777777778,
            "balanced_accuracy": 0.5553613053613053,
            "auc": 0.6093628593628594,
            "tp": 76,
            "tn": 9,
            "fp": 57,
            "fn": 2,
            "mixed_question_count": 3,
            "question_local_auc_mean": 0.6669808949220714,
            "question_local_auc_ge_0_5_rate": 0.6666666666666666,
            "question_local_auc_ge_0_6_rate": 0.3333333333333333
          },
          "selected_feature_count": 306
        },
        {
          "fold_index": 1,
          "test_question_count": 6,
          "test_trace_count": 155,
          "motif": {
            "n": 155,
            "accuracy": 0.3225806451612903,
            "balanced_accuracy": 0.5474137931034483,
            "auc": 0.5865384615384616,
            "tp": 11,
            "tn": 39,
            "fp": 0,
            "fn": 105,
            "mixed_question_count": 6,
            "question_local_auc_mean": 0.7095721428330125,
            "question_local_auc_ge_0_5_rate": 0.8333333333333334,
            "question_local_auc_ge_0_6_rate": 0.5
          },
          "length_only": {
            "n": 155,
            "accuracy": 0.8129032258064516,
            "balanced_accuracy": 0.6707559681697612,
            "auc": 0.5188992042440318,
            "tp": 111,
            "tn": 15,
            "fp": 24,
            "fn": 5,
            "mixed_question_count": 6,
            "question_local_auc_mean": 0.7507162282162282,
            "question_local_auc_ge_0_5_rate": 1.0,
            "question_local_auc_ge_0_6_rate": 0.6666666666666666
          },
          "selected_feature_count": 285
        },
        {
          "fold_index": 2,
          "test_question_count": 6,
          "test_trace_count": 152,
          "motif": {
            "n": 152,
            "accuracy": 0.48026315789473684,
            "balanced_accuracy": 0.5078397212543554,
            "auc": 0.40905923344947737,
            "tp": 13,
            "tn": 60,
            "fp": 10,
            "fn": 69,
            "mixed_question_count": 3,
            "question_local_auc_mean": 0.49826388888888884,
            "question_local_auc_ge_0_5_rate": 0.6666666666666666,
            "question_local_auc_ge_0_6_rate": 0.3333333333333333
          },
          "length_only": {
            "n": 152,
            "accuracy": 0.4144736842105263,
            "balanced_accuracy": 0.39146341463414636,
            "auc": 0.15060975609756097,
            "tp": 56,
            "tn": 7,
            "fp": 63,
            "fn": 26,
            "mixed_question_count": 3,
            "question_local_auc_mean": 0.5798611111111112,
            "question_local_auc_ge_0_5_rate": 0.6666666666666666,
            "question_local_auc_ge_0_6_rate": 0.3333333333333333
          },
          "selected_feature_count": 264
        },
        {
          "fold_index": 3,
          "test_question_count": 6,
          "test_trace_count": 124,
          "motif": {
            "n": 124,
            "accuracy": 0.9435483870967742,
            "balanced_accuracy": 0.8939393939393939,
            "auc": 0.9022644022644023,
            "tp": 26,
            "tn": 91,
            "fp": 0,
            "fn": 7,
            "mixed_question_count": 6,
            "question_local_auc_mean": 0.8009510869565218,
            "question_local_auc_ge_0_5_rate": 0.8333333333333334,
            "question_local_auc_ge_0_6_rate": 0.8333333333333334
          },
          "length_only": {
            "n": 124,
            "accuracy": 0.3225806451612903,
            "balanced_accuracy": 0.5288045288045288,
            "auc": 0.6053946053946054,
            "tp": 32,
            "tn": 8,
            "fp": 83,
            "fn": 1,
            "mixed_question_count": 6,
            "question_local_auc_mean": 0.5233242753623188,
            "question_local_auc_ge_0_5_rate": 0.6666666666666666,
            "question_local_auc_ge_0_6_rate": 0.5
          },
          "selected_feature_count": 276
        },
        {
          "fold_index": 4,
          "test_question_count": 6,
          "test_trace_count": 157,
          "motif": {
            "n": 157,
            "accuracy": 0.45222929936305734,
            "balanced_accuracy": 0.6153361344537815,
            "auc": 0.594327731092437,
            "tp": 57,
            "tn": 14,
            "fp": 3,
            "fn": 83,
            "mixed_question_count": 6,
            "question_local_auc_mean": 0.6324287749287749,
            "question_local_auc_ge_0_5_rate": 0.8333333333333334,
            "question_local_auc_ge_0_6_rate": 0.6666666666666666
          },
          "length_only": {
            "n": 157,
            "accuracy": 0.9490445859872612,
            "balanced_accuracy": 0.790546218487395,
            "auc": 0.7029411764705882,
            "tp": 139,
            "tn": 10,
            "fp": 7,
            "fn": 1,
            "mixed_question_count": 6,
            "question_local_auc_mean": 0.8970833333333333,
            "question_local_auc_ge_0_5_rate": 1.0,
            "question_local_auc_ge_0_6_rate": 0.8333333333333334
          },
          "selected_feature_count": 250
        }
      ],
      "aggregate": {
        "motif_accuracy": 0.536946520125394,
        "motif_balanced_accuracy": 0.6178009134453007,
        "motif_auc": 0.5748754171064071,
        "motif_question_local_auc_mean": 0.6278230106542126,
        "length_accuracy": 0.6178559837886615,
        "length_balanced_accuracy": 0.5873862870914273,
        "length_auc": 0.5174415203139292,
        "length_question_local_auc_mean": 0.6835931685890125,
        "avg_selected_feature_count": 276.2
      }
    },
    "mixed_questions": {
      "experiment_name": "motif_1to3_full_trace",
      "prefix_fraction": 1.0,
      "motif_len_range": [
        1,
        3
      ],
      "min_support": 12,
      "folds": [
        {
          "fold_index": 0,
          "test_question_count": 5,
          "test_trace_count": 125,
          "motif": {
            "n": 125,
            "accuracy": 0.464,
            "balanced_accuracy": 0.5533333333333333,
            "auc": 0.6585333333333333,
            "tp": 8,
            "tn": 50,
            "fp": 0,
            "fn": 67,
            "mixed_question_count": 5,
            "question_local_auc_mean": 0.6636887664764902,
            "question_local_auc_ge_0_5_rate": 0.6,
            "question_local_auc_ge_0_6_rate": 0.6
          },
          "length_only": {
            "n": 125,
            "accuracy": 0.68,
            "balanced_accuracy": 0.6,
            "auc": 0.4690666666666667,
            "tp": 75,
            "tn": 10,
            "fp": 40,
            "fn": 0,
            "mixed_question_count": 5,
            "question_local_auc_mean": 0.7556679126500099,