token,question_presence,n_q_1_vs_0,mean_delta_1_vs_0,median_delta_1_vs_0,p_1_vs_0,q_1_vs_0,n_q_2plus_vs_0,mean_delta_2plus_vs_0,median_delta_2plus_vs_0,p_2plus_vs_0,q_2plus_vs_0
conclude,23,21,0.5102413815767853,0.5,0.0014896392822265625,0.020100911458333332,1,-0.6666666666666666,-0.6666666666666666,1.0,1.0
derive-intermediate,19,16,0.10478759635832004,0.125,0.210113525390625,0.3020833333333333,16,0.0634671980066717,0.042407592407592454,0.60723876953125,0.6477213541666667
analyze,22,15,0.08836873754265058,0.045454545454545456,0.3017578125,0.3713942307692308,11,0.13721127357490995,0.11538461538461542,0.5078125,0.5803571428571429
apply-formula,20,20,0.38839988916075874,0.4375,0.004425048828125,0.020100911458333332,12,0.3330387205387205,0.35416666666666663,0.2265625,0.3020833333333333
rewrite,18,18,0.3570506464546899,0.25,0.007537841796875,0.020100911458333332,13,0.4002925676199333,0.2647058823529411,0.0224609375,0.05133928571428571
simplify,22,21,0.3189900432692062,0.20512820512820507,0.11531829833984375,0.18450927734375,18,0.44748445998446,0.37916666666666665,0.007537841796875,0.020100911458333332
instantiate,18,12,0.30596346872082164,0.09807692307692306,0.0654296875,0.11631944444444445,9,0.4653683190447896,0.35416666666666663,0.0390625,0.078125
compute,24,12,0.49611823361823365,0.55,0.00634765625,0.020100911458333332,20,0.4695982905982906,0.49487179487179495,0.007537841796875,0.020100911458333332
