{
  "input_csv": "C:\\Users\\erict\\Programming\\School\\CPSC 440\\Reasoning-Motifs\\tokenizer_v5\\results\\gpt-oss-tokenized-traces.csv",
  "columns_used": {
    "question": "question_id",
    "correct": "is_correct",
    "token": "tokenized_trace"
  },
  "n_rows": 732,
  "n_questions": 30,
  "n_mixed_outcome_questions": 24,
  "mean_question_baseline_over_mixed": 0.6530819266148302,
  "token_threshold_min_questions": 10,
  "n_tokens_analyzed": 8,
  "fdr_threshold": 0.1,
  "n_lifesaver_tokens": 6,
  "n_killer_tokens": 0,
  "bootstrap_samples": 10000,
  "permutations": 500,
  "seed": 73,
  "top_3_lifesavers": [
    {
      "token": "conclude",
      "mean_delta": 0.5079738078806402,
      "ci95_low": 0.3305046173058595,
      "ci95_high": 0.6822161424956457,
      "bh_q": 0.006871541341145833
    },
    {
      "token": "compute",
      "mean_delta": 0.5020058130275522,
      "ci95_low": 0.315362955884695,
      "ci95_high": 0.6851410256410256,
      "bh_q": 0.006871541341145833
    },
    {
      "token": "rewrite",
      "mean_delta": 0.38183938200210765,
      "ci95_low": 0.21036075586418834,
      "ci95_high": 0.5563650825918816,
      "bh_q": 0.006871541341145833
    }
  ],
  "top_3_killers": []
}