token,position_bin,feature,question_presence,questions_used,mean_delta,median_delta,ci95_low,ci95_high,sign_test_p,bh_q,sign_pos,sign_neg,sign_n_nonzero,collapsed_mean_delta,collapsed_abs_mean_delta,position_abs_mean_delta,abs_delta_lift_ratio,is_ge_lift_threshold
conclude:final-answer,last_third,conclude:final-answer@@last_third,20,19,0.4493060549925538,0.4927536231884058,0.28639097744360903,0.6142826268569975,0.004425048828125,0.00885009765625,16,3,19,0.4493060549925538,0.4493060549925538,0.4493060549925538,1.0,0
analyze:setup,first_third,analyze:setup@@first_third,14,12,0.24502585377585376,0.12698412698412703,0.07570977633477634,0.4474140211640212,0.03857421875,0.03857421875,10,2,12,0.00446897962083382,0.00446897962083382,0.24502585377585376,54.82814301358057,1
