question_id,question_total_runs,question_success_count,question_baseline_success_rate
114,30,25,0.8333333333333334
120,30,20,0.6666666666666666
150,30,3,0.1
165,30,22,0.7333333333333333
167,30,26,0.8666666666666667
169,30,26,0.8666666666666667
172,30,27,0.9
183,30,26,0.8666666666666667
185,30,25,0.8333333333333334
189,30,1,0.03333333333333333
45,30,25,0.8333333333333334
49,30,26,0.8666666666666667
52,30,26,0.8666666666666667
68,30,17,0.5666666666666667
92,30,2,0.06666666666666667
