token,question_presence,n_q_1_vs_0,mean_delta_1_vs_0,median_delta_1_vs_0,p_1_vs_0,q_1_vs_0,n_q_2plus_vs_0,mean_delta_2plus_vs_0,median_delta_2plus_vs_0,p_2plus_vs_0,q_2plus_vs_0
conclude:final-answer,20,19,0.4493060549925538,0.4927536231884058,0.004425048828125,0.0177001953125,0,0.0,0.0,1.0,1.0
analyze:setup,14,8,0.0029040404040403898,0.03749999999999998,0.7265625,0.96875,3,0.12222222222222219,0.16666666666666663,0.5,0.96875
