token,question_presence,questions_used,mean_delta,median_delta,mean_question_baseline,median_question_baseline,ci95_low,ci95_high,sign_test_p,bh_q,sign_pos,sign_neg,sign_n_nonzero,avg_question_trace_len,length_control_residual
compute,69,36,0.2723763536753733,0.22792207792207797,0.4445606104374856,0.4230769230769231,0.13216748483905347,0.4088644842811509,0.00031255115754902363,0.004063165048137307,29,7,36,336.86791266558487,0.2014117466877013
conclude,71,59,0.2421777678314247,0.2,0.46276968559286363,0.45454545454545453,0.1449769665728825,0.3418868952005412,0.0037937056353716074,0.0164393910866103,41,18,59,252.30332860928127,0.1351906777598583
derive-intermediate,45,42,0.1473655447761028,0.1111111111111111,0.43168063892810543,0.38545150501672243,0.08123214804956722,0.22096337182678352,0.002887247974285856,0.0164393910866103,31,11,42,260.766842173905,0.04398370834131868
rewrite,62,42,0.09981650872375927,0.08733790999237223,0.4619612520348055,0.4672727272727273,0.0011918894392020935,0.20081505604042765,0.007915897334896727,0.02572666633841436,30,12,42,268.5666414554072,-0.0002428004283433205
